job_id,skills,cleaned_description,cleaned_skills,cleaned_location,job_type,location,job_title,job_url,cleaned_desription
1,Python;Java;SQL,,"python, java, sql","Bengaluru, Karnataka",Full-time,"Bengaluru, Karnataka",Sr. Fullstack Developer ( Reactjs & Nodejs ),https://in.indeed.com/viewjob?jk=3bba0c972f7fcc3e&vjs=3,sr fullstack developer  reactjs  nodejs 
2,Python;R;Machine Learning,,"python, r, machine learning","Bengaluru, Karnataka",Permanent,"Bengaluru, Karnataka",.Net Full Stack Developer- Junior,https://in.indeed.com/viewjob?jk=ff67c84f1a81fb7a&vjs=3,net full stack developer junior
3,JavaScript;HTML;CSS;React,,"javascript, html, css, react","Bengaluru, Karnataka",Part-time,"Bengaluru, Karnataka",Full Stack Staff Engineer,https://in.indeed.com/viewjob?jk=9858518a16a65863&vjs=3,full stack staff engineer
4,Node.js;React;MongoDB,,"node.js, react, mongodb","Bengaluru, Karnataka",Full-time,"Bengaluru, Karnataka","Engineer, Software",https://in.indeed.com/viewjob?jk=93f5b039dc12c2f6&vjs=3,engineer software
5,Figma;Sketch;Adobe XD,,"figma, sketch, adobe xd","Bengaluru, Karnataka",Full-time,"Bengaluru, Karnataka",Backend Developer,https://in.indeed.com/viewjob?jk=e130aa7171803d78&vjs=3,backend developer
6,AWS;Azure;Terraform,,"aws, azure, terraform","Bengaluru, Karnataka",Full-time,"Bengaluru, Karnataka",Senior Development Support Engineer,https://in.indeed.com/viewjob?jk=4e8b17f89f8c21c0&vjs=3,senior development support engineer
7,Python;TensorFlow;PyTorch,,"python, tensorflow, pytorch","Bengaluru, Karnataka",Full-time,"Bengaluru, Karnataka",Senior Front End Developer,https://in.indeed.com/viewjob?jk=392b0c35de3e917c&vjs=3,senior front end developer
8,Java;Spring Boot;MySQL,,"java, spring boot, mysql","Bengaluru, Karnataka",Part-time,"Bengaluru, Karnataka",Senior Software Engineer - Dot net,https://in.indeed.com/viewjob?jk=5c16f446822a42d1&vjs=3,senior software engineer  dot net
9,React;Redux;TypeScript,,"react, redux, typescript","Bengaluru, Karnataka",Full-time,"Bengaluru, Karnataka",Ecommerce Website Developer,https://in.indeed.com/viewjob?jk=242a1525497b6d75&vjs=3,ecommerce website developer
10,Docker;Kubernetes;CI/CD,,"docker, kubernetes, ci/cd","Bengaluru, Karnataka",Full-time,"Bengaluru, Karnataka",Full stack Engineer,https://in.indeed.com/viewjob?jk=6bd8d2354aff4639&vjs=3,full stack engineer
11,Network Security;Penetration Testing;Firewall,,"network security, penetration testing, firewall","Bengaluru, Karnataka",Full-time,"Bengaluru, Karnataka","Frontend Engineer, AWS QuickSight",https://in.indeed.com/viewjob?jk=e87f8a45edaace7c&vjs=3,frontend engineer aws quicksight
12,Agile;Roadmap Planning;Team Management,,"agile, roadmap planning, team management","Bengaluru, Karnataka",Full-time,"Bengaluru, Karnataka",QA Engineer  RCS,https://in.indeed.com/viewjob?jk=788e35906892ea46&vjs=3,qa engineer  rcs
13,Swift;Kotlin;Flutter,,"swift, kotlin, flutter","Bengaluru, Karnataka",Permanent,"Bengaluru, Karnataka",.NET Full Stack Developer 8years,https://in.indeed.com/viewjob?jk=7e51531f6588385e&vjs=3,net full stack developer years
14,SQL;PostgreSQL;Database Management,,"sql, postgresql, database management","Bengaluru, Karnataka",Full-time,"Bengaluru, Karnataka",ServiceNow Developer II,https://in.indeed.com/viewjob?jk=6d9446a28f5beb19&vjs=3,servicenow developer ii
15,Network Configuration;Cisco;TCP/IP,,"network configuration, cisco, tcp/ip","Bengaluru, Karnataka",Part-time,"Bengaluru, Karnataka",Senior Software Engineer,https://in.indeed.com/viewjob?jk=23f4d9a8c5ee56c2&vjs=3,senior software engineer
16,Python;Java;SQL,,"python, java, sql","Bengaluru, Karnataka",Full-time,"Bengaluru, Karnataka",Senior Associate - Full Stack AI Developer,https://in.indeed.com/jobs?q=Data+scientist&l=Bengaluru%2C+Karnataka&from=searchOnDesktopSerp&vjk=1c9c0b1ce55dcb36,senior associate  full stack ai developer
17,Python;R;Machine Learning,,"python, r, machine learning","Bengaluru, Karnataka",Part-time,"Bengaluru, Karnataka",Machine Learning Engineer,https://in.indeed.com/jobs?q=Data+scientist&l=Bengaluru%2C+Karnataka&from=searchOnDesktopSerp&vjk=1c9c0b1ce55dcb36,machine learning engineer
18,JavaScript;HTML;CSS;React,,"javascript, html, css, react","Bengaluru, Karnataka",Full-time,"Bengaluru, Karnataka",AI/ML Engineer,https://in.indeed.com/jobs?q=Data+scientist&l=Bengaluru%2C+Karnataka&from=searchOnDesktopSerp&vjk=1c9c0b1ce55dcb36,aiml engineer
19,Node.js;React;MongoDB,,"node.js, react, mongodb","Bengaluru, Karnataka",Full-time,"Bengaluru, Karnataka",Decision Scientist,https://in.indeed.com/jobs?q=Data+scientist&l=Bengaluru%2C+Karnataka&from=searchOnDesktopSerp&vjk=1c9c0b1ce55dcb36,decision scientist
20,Figma;Sketch;Adobe XD,,"figma, sketch, adobe xd","Bengaluru, Karnataka",Full-time,"Bengaluru, Karnataka",NLP Data Scientist,https://in.indeed.com/jobs?q=Data+scientist&l=Bengaluru%2C+Karnataka&from=searchOnDesktopSerp&vjk=1c9c0b1ce55dcb36,nlp data scientist
21,AWS;Azure;Terraform,,"aws, azure, terraform","Bengaluru, Karnataka",Full-time,"Bengaluru, Karnataka",AI / ML Engineer,https://in.indeed.com/jobs?q=Data+scientist&l=Bengaluru%2C+Karnataka&from=searchOnDesktopSerp&vjk=1c9c0b1ce55dcb36,ai  ml engineer
22,Python;TensorFlow;PyTorch,,"python, tensorflow, pytorch","Bengaluru, Karnataka",Full-time,"Bengaluru, Karnataka",Senior AI/ML Developer,https://in.indeed.com/jobs?q=Data+scientist&l=Bengaluru%2C+Karnataka&from=searchOnDesktopSerp&vjk=1c9c0b1ce55dcb36,senior aiml developer
23,Java;Spring Boot;MySQL,,"java, spring boot, mysql","Bengaluru, Karnataka",Full-time,"Bengaluru, Karnataka",Quant Analytics Manager - Offers and Shopping,https://in.indeed.com/jobs?q=Data+scientist&l=Bengaluru%2C+Karnataka&from=searchOnDesktopSerp&vjk=1c9c0b1ce55dcb36,quant analytics manager  offers and shopping
24,React;Redux;TypeScript,,"react, redux, typescript","Bengaluru, Karnataka",Full-time,"Bengaluru, Karnataka",Applied Machine Learning Scientist,https://in.indeed.com/jobs?q=Data+scientist&l=Bengaluru%2C+Karnataka&from=searchOnDesktopSerp&vjk=1c9c0b1ce55dcb36,applied machine learning scientist
25,Docker;Kubernetes;CI/CD,,"docker, kubernetes, ci/cd","Bengaluru, Karnataka",Full-time,"Bengaluru, Karnataka",Principal Machine Learning Engineer - AI / ML,https://in.indeed.com/jobs?q=Data+scientist&l=Bengaluru%2C+Karnataka&from=searchOnDesktopSerp&vjk=1c9c0b1ce55dcb36,principal machine learning engineer  ai  ml
26,Network Security;Penetration Testing;Firewall,,"network security, penetration testing, firewall","Bengaluru, Karnataka",Full-time,"Bengaluru, Karnataka",Intelligent Automation Developer - Associate,https://in.indeed.com/jobs?q=Data+scientist&l=Bengaluru%2C+Karnataka&from=searchOnDesktopSerp&vjk=1c9c0b1ce55dcb36,intelligent automation developer  associate
27,Agile;Roadmap Planning;Team Management,,"agile, roadmap planning, team management","Bengaluru, Karnataka",Full-time,"Bengaluru, Karnataka",Business Intelligence Analyst,https://in.indeed.com/jobs?q=Data+scientist&l=Bengaluru%2C+Karnataka&from=searchOnDesktopSerp&vjk=1c9c0b1ce55dcb36,business intelligence analyst
28,Swift;Kotlin;Flutter,,"swift, kotlin, flutter","Bengaluru, Karnataka",Full-time,"Bengaluru, Karnataka",Data Scientist,https://in.indeed.com/jobs?q=Data+scientist&l=Bengaluru%2C+Karnataka&from=searchOnDesktopSerp&vjk=1c9c0b1ce55dcb36,data scientist
29,SQL;PostgreSQL;Database Management,,"sql, postgresql, database management","Bengaluru, Karnataka",Permanent,"Bengaluru, Karnataka",Senior ML Engineer,https://in.indeed.com/jobs?q=Data+scientist&l=Bengaluru%2C+Karnataka&from=searchOnDesktopSerp&vjk=1c9c0b1ce55dcb36,senior ml engineer
30,Network Configuration;Cisco;TCP/IP,,"network configuration, cisco, tcp/ip","Bengaluru, Karnataka",Full-time,"Bengaluru, Karnataka",Senior Data Scientist,https://in.indeed.com/jobs?q=Data+scientist&l=Bengaluru%2C+Karnataka&from=searchOnDesktopSerp&vjk=1c9c0b1ce55dcb36,senior data scientist
31,Python;Java;SQL,,"python, java, sql","Bengaluru, Karnataka",jobType/0,"Bengaluru, Karnataka",positionName,url,positionname
32,Python;R;Machine Learning,,"python, r, machine learning","Bengaluru, Karnataka",Part-time,"Bengaluru, Karnataka",C++ / C# API Developer,https://in.indeed.com/viewjob?jk=8ab8833c6b02d87a&vjs=3,c  c api developer
33,JavaScript;HTML;CSS;React,,"javascript, html, css, react","Bengaluru, Karnataka",Part-time,"Bengaluru, Karnataka",Associate Software Engineer Trainees ( ASET ) - December 2024,https://in.indeed.com/viewjob?jk=c01c975924d9459f&vjs=3,associate software engineer trainees  aset   december 
34,Node.js;React;MongoDB,,"node.js, react, mongodb","Bengaluru, Karnataka",Full-time,"Bengaluru, Karnataka",Senior Backend Developer,https://in.indeed.com/viewjob?jk=3db53d71f4fc9918&vjs=3,senior backend developer
35,Figma;Sketch;Adobe XD,,"figma, sketch, adobe xd","Bengaluru, Karnataka",Full-time,"Bengaluru, Karnataka",Tech Prof-Software Development,https://in.indeed.com/viewjob?jk=17f49330ec69302a&vjs=3,tech profsoftware development
36,AWS;Azure;Terraform,,"aws, azure, terraform","Bengaluru, Karnataka",Part-time,"Bengaluru, Karnataka",Senior Software Engineer - Dot net,https://in.indeed.com/viewjob?jk=5c16f446822a42d1&vjs=3,senior software engineer  dot net
37,Python;TensorFlow;PyTorch,,"python, tensorflow, pytorch","Bengaluru, Karnataka",Full-time,"Bengaluru, Karnataka",Senior Front End Developer,https://in.indeed.com/viewjob?jk=392b0c35de3e917c&vjs=3,senior front end developer
38,Java;Spring Boot;MySQL,,"java, spring boot, mysql","Bengaluru, Karnataka",Part-time,"Bengaluru, Karnataka",Software Engineer II,https://in.indeed.com/viewjob?jk=60f9dd959a943f39&vjs=3,software engineer ii
39,React;Redux;TypeScript,,"react, redux, typescript","Bengaluru, Karnataka",Full-time,"Bengaluru, Karnataka","Software Dev Engineer III, Auto Software (Smart Vehicles)",https://in.indeed.com/viewjob?jk=8cf1b2854a664fa4&vjs=3,software dev engineer iii auto software smart vehicles
40,Docker;Kubernetes;CI/CD,,"docker, kubernetes, ci/cd","Bengaluru, Karnataka",Full-time,"Bengaluru, Karnataka",Software Integration Engineer,https://in.indeed.com/viewjob?jk=189c7e62ef540e3a&vjs=3,software integration engineer
41,Network Security;Penetration Testing;Firewall,,"network security, penetration testing, firewall","Bengaluru, Karnataka",Full-time,"Bengaluru, Karnataka",Software Developer,https://in.indeed.com/viewjob?jk=17cf38ebb3bbd1f0&vjs=3,software developer
42,Agile;Roadmap Planning;Team Management,,"agile, roadmap planning, team management","Bengaluru, Karnataka",Full-time,"Bengaluru, Karnataka",Pro*C Developer,https://in.indeed.com/viewjob?jk=965bb8805683d578&vjs=3,proc developer
43,Swift;Kotlin;Flutter,,"swift, kotlin, flutter","Bengaluru, Karnataka",Full-time,"Bengaluru, Karnataka","Engineer, Software",https://in.indeed.com/viewjob?jk=93f5b039dc12c2f6&vjs=3,engineer software
44,SQL;PostgreSQL;Database Management,,"sql, postgresql, database management","Bengaluru, Karnataka",Part-time,"Bengaluru, Karnataka",Full Stack Developer,https://in.indeed.com/viewjob?jk=32207412e621e21d&vjs=3,full stack developer
45,Network Configuration;Cisco;TCP/IP,,"network configuration, cisco, tcp/ip","Electronic City, Bengaluru, Karnataka",Full-time,"Electronic City, Bengaluru, Karnataka",Full Stack Developer,https://in.indeed.com/viewjob?jk=646ceb5428d5ff4d&vjs=3,full stack developer
46,Python;Java;SQL,,"python, java, sql","Bengaluru, Karnataka",Permanent,"Bengaluru, Karnataka",.NET Full Stack Developer 8years,https://in.indeed.com/viewjob?jk=7e51531f6588385e&vjs=3,net full stack developer years
47,Python;R;Machine Learning,,"python, r, machine learning","Bengaluru, Karnataka",Full-time,"Bengaluru, Karnataka",Senior Front End Developer,https://in.indeed.com/viewjob?jk=392b0c35de3e917c&vjs=3,senior front end developer
48,JavaScript;HTML;CSS;React,,"javascript, html, css, react","Bengaluru, Karnataka",Permanent,"Bengaluru, Karnataka","Developer Associate- JavaScript, Java",https://in.indeed.com/viewjob?jk=b3233aa260b21b47&vjs=3,developer associate javascript java
49,Node.js;React;MongoDB,,"node.js, react, mongodb","Bengaluru, Karnataka",Permanent,"Bengaluru, Karnataka",Tester with .Net,https://in.indeed.com/viewjob?jk=2346cf2c72a7f1b4&vjs=3,tester with net
50,Figma;Sketch;Adobe XD,,"figma, sketch, adobe xd","Bengaluru, Karnataka",Full-time,"Bengaluru, Karnataka","Engineer, Software",https://in.indeed.com/viewjob?jk=93f5b039dc12c2f6&vjs=3,engineer software
51,AWS;Azure;Terraform,,"aws, azure, terraform","Bengaluru, Karnataka",Part-time,"Bengaluru, Karnataka",Full Stack Developer,https://in.indeed.com/viewjob?jk=32207412e621e21d&vjs=3,full stack developer
52,Python;TensorFlow;PyTorch,,"python, tensorflow, pytorch","Bengaluru, Karnataka",Full-time,"Bengaluru, Karnataka",Full stack Engineer,https://in.indeed.com/viewjob?jk=6bd8d2354aff4639&vjs=3,full stack engineer
53,Java;Spring Boot;MySQL,,"java, spring boot, mysql","Bengaluru, Karnataka",Full-time,"Bengaluru, Karnataka",Sr. Fullstack Developer ( Reactjs & Nodejs ),https://in.indeed.com/viewjob?jk=3bba0c972f7fcc3e&vjs=3,sr fullstack developer  reactjs  nodejs 
54,React;Redux;TypeScript,,"react, redux, typescript","Bengaluru, Karnataka",Full-time,"Bengaluru, Karnataka","Manager, Engineering",https://in.indeed.com/viewjob?jk=faf429d10072ecc5&vjs=3,manager engineering
55,Docker;Kubernetes;CI/CD,,"docker, kubernetes, ci/cd","Bengaluru, Karnataka",Permanent,"Bengaluru, Karnataka",.Net Full Stack Developer- Junior,https://in.indeed.com/viewjob?jk=ff67c84f1a81fb7a&vjs=3,net full stack developer junior
56,Network Security;Penetration Testing;Firewall,,"network security, penetration testing, firewall","Bengaluru, Karnataka",Full-time,"Bengaluru, Karnataka",Senior Development Support Engineer,https://in.indeed.com/viewjob?jk=4e8b17f89f8c21c0&vjs=3,senior development support engineer
57,Agile;Roadmap Planning;Team Management,,"agile, roadmap planning, team management","Bengaluru, Karnataka",Full-time,"Bengaluru, Karnataka",Systems/Software Engineer I,https://in.indeed.com/viewjob?jk=bff239bf1f4444d0&vjs=3,systemssoftware engineer i
58,Swift;Kotlin;Flutter,,"swift, kotlin, flutter","Bengaluru, Karnataka",Full-time,"Bengaluru, Karnataka",Senior Member Technical Staff,https://in.indeed.com/viewjob?jk=bd202b3b080d1ee4&vjs=3,senior member technical staff
59,SQL;PostgreSQL;Database Management,,"sql, postgresql, database management","Electronic City, Bengaluru, Karnataka",Full-time,"Electronic City, Bengaluru, Karnataka",Full Stack Developer,https://in.indeed.com/viewjob?jk=646ceb5428d5ff4d&vjs=3,full stack developer
60,Network Configuration;Cisco;TCP/IP,,"network configuration, cisco, tcp/ip","Bengaluru, Karnataka",Part-time,"Bengaluru, Karnataka",Senior Software Engineer - Dot net,https://in.indeed.com/viewjob?jk=5c16f446822a42d1&vjs=3,senior software engineer  dot net
61,Python;Java;SQL,,"python, java, sql","Bengaluru, Karnataka",Full-time,"Bengaluru, Karnataka","Software Dev Engineer III, Auto Software (Smart Vehicles)",https://in.indeed.com/viewjob?jk=8cf1b2854a664fa4&vjs=3,software dev engineer iii auto software smart vehicles
62,Python;R;Machine Learning,,"python, r, machine learning","Bengaluru, Karnataka",Full-time,"Bengaluru, Karnataka",Senior Front End Developer,https://in.indeed.com/viewjob?jk=392b0c35de3e917c&vjs=3,senior front end developer
63,JavaScript;HTML;CSS;React,,"javascript, html, css, react","Bengaluru, Karnataka",Full-time,"Bengaluru, Karnataka","Engineer, Software",https://in.indeed.com/viewjob?jk=93f5b039dc12c2f6&vjs=3,engineer software
64,Node.js;React;MongoDB,,"node.js, react, mongodb","Bengaluru, Karnataka",Full-time,"Bengaluru, Karnataka",Senior Lead Engineer,https://in.indeed.com/viewjob?jk=96cca5b44afdf353&vjs=3,senior lead engineer
65,Figma;Sketch;Adobe XD,,"figma, sketch, adobe xd","Bengaluru, Karnataka",Full-time,"Bengaluru, Karnataka",Senior Backend Developer,https://in.indeed.com/viewjob?jk=3db53d71f4fc9918&vjs=3,senior backend developer
66,AWS;Azure;Terraform,,"aws, azure, terraform","Bengaluru, Karnataka",Full-time,"Bengaluru, Karnataka",Principal Machine Learning Engineer - AI / ML,https://in.indeed.com/viewjob?jk=cabcd70c301e2949&vjs=3,principal machine learning engineer  ai  ml
67,Python;TensorFlow;PyTorch,,"python, tensorflow, pytorch","Bengaluru, Karnataka",Full-time,"Bengaluru, Karnataka",Senior Data Scientist,https://in.indeed.com/viewjob?jk=c9cbd81bb6a4cf8d&vjs=3,senior data scientist
68,Java;Spring Boot;MySQL,,"java, spring boot, mysql","Bengaluru, Karnataka",Full-time,"Bengaluru, Karnataka",QA Engineer  RCS,https://in.indeed.com/viewjob?jk=788e35906892ea46&vjs=3,qa engineer  rcs
69,React;Redux;TypeScript,,"react, redux, typescript","Bengaluru, Karnataka",Full-time,"Bengaluru, Karnataka",AI / ML Engineer,https://in.indeed.com/viewjob?jk=14e94bf831904bae&vjs=3,ai  ml engineer
70,Docker;Kubernetes;CI/CD,,"docker, kubernetes, ci/cd","Basavanagudi, Bengaluru, Karnataka",Full-time,"Basavanagudi, Bengaluru, Karnataka",Azure Data Engineer,https://in.indeed.com/viewjob?jk=2dc2f373ed2139a2&vjs=3,azure data engineer
71,Network Security;Penetration Testing;Firewall,,"network security, penetration testing, firewall","Bengaluru, Karnataka",Full-time,"Bengaluru, Karnataka",Oracle Cloud Database Performance Engineer,https://in.indeed.com/viewjob?jk=89a0fd8fe80197d5&vjs=3,oracle cloud database performance engineer
72,Agile;Roadmap Planning;Team Management,,"agile, roadmap planning, team management","Bengaluru, Karnataka",Full-time,"Bengaluru, Karnataka",Senior Data Engineer,https://in.indeed.com/viewjob?jk=3a000924e01e3c7b&vjs=3,senior data engineer
73,Swift;Kotlin;Flutter,,"swift, kotlin, flutter","Bengaluru, Karnataka",Full-time,"Bengaluru, Karnataka",Senior Member of Technical Staff,https://in.indeed.com/viewjob?jk=ad621607e56d55a3&vjs=3,senior member of technical staff
74,SQL;PostgreSQL;Database Management,,"sql, postgresql, database management","Bengaluru, Karnataka",Full-time,"Bengaluru, Karnataka","Software Engineer - Wireless, Ring",https://in.indeed.com/viewjob?jk=f7299b33505b8aef&vjs=3,software engineer  wireless ring
75,Network Configuration;Cisco;TCP/IP,,"network configuration, cisco, tcp/ip","Bengaluru, Karnataka",jobType/0,"Bengaluru, Karnataka",postedAt,urlInput,postedat
76,Python;Java;SQL,,"python, java, sql","Bengaluru, Karnataka",Full-time,"Bengaluru, Karnataka",Software Development Lead,https://in.indeed.com/jobs?q=machine+learning&l=Bengaluru%2C+Karnataka&from=searchOnDesktopSerp&vjk=0548cc2eb07cd11a,software development lead
77,Python;R;Machine Learning,,"python, r, machine learning","Bengaluru, Karnataka",Part-time,"Bengaluru, Karnataka",AI Data Architect,https://in.indeed.com/jobs?q=machine+learning&l=Bengaluru%2C+Karnataka&from=searchOnDesktopSerp&vjk=0548cc2eb07cd11a,ai data architect
78,JavaScript;HTML;CSS;React,,"javascript, html, css, react","Bengaluru, Karnataka",Part-time,"Bengaluru, Karnataka",Talent Coordinator - Night Shift (Contract),https://in.indeed.com/jobs?q=machine+learning&l=Bengaluru%2C+Karnataka&from=searchOnDesktopSerp&vjk=0548cc2eb07cd11a,talent coordinator  night shift contract
79,Node.js;React;MongoDB,,"node.js, react, mongodb","Bengaluru, Karnataka",Part-time,"Bengaluru, Karnataka",Senior Member Technical Staff,https://in.indeed.com/jobs?q=machine+learning&l=Bengaluru%2C+Karnataka&from=searchOnDesktopSerp&vjk=0548cc2eb07cd11a,senior member technical staff
80,Figma;Sketch;Adobe XD,,"figma, sketch, adobe xd","Bengaluru, Karnataka",Part-time,"Bengaluru, Karnataka",Data Engineer,https://in.indeed.com/jobs?q=machine+learning&l=Bengaluru%2C+Karnataka&from=searchOnDesktopSerp&vjk=0548cc2eb07cd11a,data engineer
81,AWS;Azure;Terraform,,"aws, azure, terraform","Bengaluru, Karnataka",Full-time,"Bengaluru, Karnataka",Business Intelligence developer,https://in.indeed.com/jobs?q=machine+learning&l=Bengaluru%2C+Karnataka&from=searchOnDesktopSerp&vjk=0548cc2eb07cd11a,business intelligence developer
82,Python;TensorFlow;PyTorch,,"python, tensorflow, pytorch","Bengaluru, Karnataka",Full-time,"Bengaluru, Karnataka",Oracle Cloud Database Performance Engineer,https://in.indeed.com/jobs?q=machine+learning&l=Bengaluru%2C+Karnataka&from=searchOnDesktopSerp&vjk=0548cc2eb07cd11a,oracle cloud database performance engineer
83,Java;Spring Boot;MySQL,,"java, spring boot, mysql","Bengaluru, Karnataka",Full-time,"Bengaluru, Karnataka",Data Engineer,https://in.indeed.com/jobs?q=machine+learning&l=Bengaluru%2C+Karnataka&from=searchOnDesktopSerp&vjk=0548cc2eb07cd11a,data engineer
84,React;Redux;TypeScript,,"react, redux, typescript","Bengaluru, Karnataka",Full-time,"Bengaluru, Karnataka",Principal Machine Learning Engineer - AI / ML,https://in.indeed.com/jobs?q=machine+learning&l=Bengaluru%2C+Karnataka&from=searchOnDesktopSerp&vjk=0548cc2eb07cd11a,principal machine learning engineer  ai  ml
85,Docker;Kubernetes;CI/CD,,"docker, kubernetes, ci/cd","Bengaluru, Karnataka",Full-time,"Bengaluru, Karnataka",AI / ML Engineer,https://in.indeed.com/jobs?q=machine+learning&l=Bengaluru%2C+Karnataka&from=searchOnDesktopSerp&vjk=0548cc2eb07cd11a,ai  ml engineer
86,Network Security;Penetration Testing;Firewall,,"network security, penetration testing, firewall","Bengaluru, Karnataka",Part-time,"Bengaluru, Karnataka",AI Data EngineerAI Data Engineer,https://in.indeed.com/jobs?q=machine+learning&l=Bengaluru%2C+Karnataka&from=searchOnDesktopSerp&vjk=0548cc2eb07cd11a,ai data engineerai data engineer
87,Agile;Roadmap Planning;Team Management,,"agile, roadmap planning, team management","Bengaluru, Karnataka",Full-time,"Bengaluru, Karnataka",Senior Data Scientist,https://in.indeed.com/jobs?q=machine+learning&l=Bengaluru%2C+Karnataka&from=searchOnDesktopSerp&vjk=0548cc2eb07cd11a,senior data scientist
88,Swift;Kotlin;Flutter,,"swift, kotlin, flutter","Bengaluru, Karnataka",Full-time,"Bengaluru, Karnataka",Data Platform Engineer,https://in.indeed.com/jobs?q=machine+learning&l=Bengaluru%2C+Karnataka&from=searchOnDesktopSerp&vjk=0548cc2eb07cd11a,data platform engineer
89,SQL;PostgreSQL;Database Management,,"sql, postgresql, database management","Bengaluru, Karnataka",Full-time,"Bengaluru, Karnataka",ASIC Engineer,https://in.indeed.com/jobs?q=machine+learning&l=Bengaluru%2C+Karnataka&from=searchOnDesktopSerp&vjk=0548cc2eb07cd11a,asic engineer
90,Network Configuration;Cisco;TCP/IP,,"network configuration, cisco, tcp/ip","Bengaluru, Karnataka",Full-time,"Bengaluru, Karnataka",Azure Data Engineer,https://in.indeed.com/jobs?q=machine+learning&l=Bengaluru%2C+Karnataka&from=searchOnDesktopSerp&vjk=0548cc2eb07cd11a,azure data engineer
91,Python;Java;SQL,,"python, java, sql","Bengaluru, Karnataka",Part-time,"Bengaluru, Karnataka",SENIOR PYTHON DEVELOPER,https://in.indeed.com/viewjob?jk=7ccde32a790bb021&vjs=3,senior python developer
92,Python;R;Machine Learning,,"python, r, machine learning","Bengaluru, Karnataka",Full-time,"Bengaluru, Karnataka",Senior Backend Engineer,https://in.indeed.com/viewjob?jk=3937c9a8cc257fcc&vjs=3,senior backend engineer
93,JavaScript;HTML;CSS;React,,"javascript, html, css, react","Bengaluru, Karnataka",Full-time,"Bengaluru, Karnataka","Manager, Engineering",https://in.indeed.com/viewjob?jk=faf429d10072ecc5&vjs=3,manager engineering
94,Node.js;React;MongoDB,,"node.js, react, mongodb","Bengaluru, Karnataka",Permanent,"Bengaluru, Karnataka",.NET Full Stack Developer 8years,https://in.indeed.com/viewjob?jk=7e51531f6588385e&vjs=3,net full stack developer years
95,Figma;Sketch;Adobe XD,,"figma, sketch, adobe xd","Bengaluru, Karnataka",Part-time,"Bengaluru, Karnataka",Full Stack Developer,https://in.indeed.com/viewjob?jk=32207412e621e21d&vjs=3,full stack developer
96,AWS;Azure;Terraform,,"aws, azure, terraform","Bengaluru, Karnataka",Full-time,"Bengaluru, Karnataka",Senior Java Developer,https://in.indeed.com/viewjob?jk=428be6b4118978c2&vjs=3,senior java developer
97,Python;TensorFlow;PyTorch,,"python, tensorflow, pytorch","Bengaluru, Karnataka",Full-time,"Bengaluru, Karnataka",Backend Developer,https://in.indeed.com/viewjob?jk=e130aa7171803d78&vjs=3,backend developer
98,Java;Spring Boot;MySQL,,"java, spring boot, mysql","Bengaluru, Karnataka",Full-time,"Bengaluru, Karnataka",Senior Software Engineer,https://in.indeed.com/viewjob?jk=5096ec1fc03edde6&vjs=3,senior software engineer
99,React;Redux;TypeScript,,"react, redux, typescript","Bengaluru, Karnataka",Part-time,"Bengaluru, Karnataka",Senior Software Engineer - Dot net,https://in.indeed.com/viewjob?jk=5c16f446822a42d1&vjs=3,senior software engineer  dot net
100,Docker;Kubernetes;CI/CD,,"docker, kubernetes, ci/cd","Bengaluru, Karnataka",Full-time,"Bengaluru, Karnataka",Sr. Fullstack Developer ( Reactjs & Nodejs ),https://in.indeed.com/viewjob?jk=3bba0c972f7fcc3e&vjs=3,sr fullstack developer  reactjs  nodejs 
101,Network Security;Penetration Testing;Firewall,,"network security, penetration testing, firewall","Bengaluru, Karnataka",Full-time,"Bengaluru, Karnataka",Senior Backend Developer,https://in.indeed.com/viewjob?jk=3db53d71f4fc9918&vjs=3,senior backend developer
102,Agile;Roadmap Planning;Team Management,,"agile, roadmap planning, team management","Bengaluru, Karnataka",Full-time,"Bengaluru, Karnataka",Lead Software Engineer,https://in.indeed.com/viewjob?jk=f7032ac4b2d8e436&vjs=3,lead software engineer
103,Swift;Kotlin;Flutter,,"swift, kotlin, flutter","Bengaluru, Karnataka",Part-time,"Bengaluru, Karnataka",Lead I - Software Engineering,https://in.indeed.com/viewjob?jk=922b69fe627bb31e&vjs=3,lead i  software engineering
104,SQL;PostgreSQL;Database Management,,"sql, postgresql, database management","Bengaluru, Karnataka",Full-time,"Bengaluru, Karnataka",Sr. SAP Application Developer,https://in.indeed.com/viewjob?jk=422a3d1047f8f6f1&vjs=3,sr sap application developer
105,Network Configuration;Cisco;TCP/IP,,"network configuration, cisco, tcp/ip","Bengaluru, Karnataka",Permanent,"Bengaluru, Karnataka",.Net Full Stack Developer- Junior,https://in.indeed.com/viewjob?jk=ff67c84f1a81fb7a&vjs=3,net full stack developer junior
106,Python;Java;SQL,,"python, java, sql","Bengaluru, Karnataka",Permanent,"Bengaluru, Karnataka",.Net Full Stack Developer- Junior,https://in.indeed.com/viewjob?jk=ff67c84f1a81fb7a&vjs=3,net full stack developer junior
107,Python;R;Machine Learning,,"python, r, machine learning","Bengaluru, Karnataka",Full-time,"Bengaluru, Karnataka","Frontend Engineer, AWS QuickSight",https://in.indeed.com/viewjob?jk=e87f8a45edaace7c&vjs=3,frontend engineer aws quicksight
108,JavaScript;HTML;CSS;React,,"javascript, html, css, react","Bengaluru, Karnataka",Full-time,"Bengaluru, Karnataka",Senior Front End Developer,https://in.indeed.com/viewjob?jk=392b0c35de3e917c&vjs=3,senior front end developer
109,Node.js;React;MongoDB,,"node.js, react, mongodb","Bengaluru, Karnataka",Full-time,"Bengaluru, Karnataka",Sr. Fullstack Developer ( Reactjs & Nodejs ),https://in.indeed.com/viewjob?jk=3bba0c972f7fcc3e&vjs=3,sr fullstack developer  reactjs  nodejs 
110,Figma;Sketch;Adobe XD,,"figma, sketch, adobe xd","Bengaluru, Karnataka",Part-time,"Bengaluru, Karnataka",Full Stack Developer,https://in.indeed.com/viewjob?jk=32207412e621e21d&vjs=3,full stack developer
111,AWS;Azure;Terraform,,"aws, azure, terraform","Bengaluru, Karnataka",Full-time,"Bengaluru, Karnataka",Gynecologist,https://in.indeed.com/viewjob?jk=d7e26313c9fe20fb&vjs=3,gynecologist
112,Python;TensorFlow;PyTorch,,"python, tensorflow, pytorch","Bengaluru, Karnataka",Part-time,"Bengaluru, Karnataka",Sr. Front End Developer,https://in.indeed.com/viewjob?jk=a196f50898ce86d5&vjs=3,sr front end developer
113,Java;Spring Boot;MySQL,,"java, spring boot, mysql","Bengaluru, Karnataka",Part-time,"Bengaluru, Karnataka",Front end developer,https://in.indeed.com/viewjob?jk=169858e56c12dcfb&vjs=3,front end developer
114,React;Redux;TypeScript,,"react, redux, typescript","Bengaluru, Karnataka",Part-time,"Bengaluru, Karnataka",Front End Developer,https://in.indeed.com/viewjob?jk=811417a8fbdc1fac&vjs=3,front end developer
115,Docker;Kubernetes;CI/CD,,"docker, kubernetes, ci/cd","Bengaluru, Karnataka",Full-time,"Bengaluru, Karnataka","Principal Software Engineer (AWS, Nodejs, .NET, Kubernetes, Angular)",https://in.indeed.com/viewjob?jk=c7c0ef86a3b1a650&vjs=3,principal software engineer aws nodejs net kubernetes angular
116,Network Security;Penetration Testing;Firewall,,"network security, penetration testing, firewall","Bengaluru, Karnataka",Full-time,"Bengaluru, Karnataka",Magento Developer,https://in.indeed.com/viewjob?jk=1fcd3736901b6d61&vjs=3,magento developer
117,Agile;Roadmap Planning;Team Management,,"agile, roadmap planning, team management","Bengaluru, Karnataka",Full-time,"Bengaluru, Karnataka",Senior PHP Developer,https://in.indeed.com/viewjob?jk=e66cda937194da8f&vjs=3,senior php developer
118,Swift;Kotlin;Flutter,,"swift, kotlin, flutter","Bengaluru, Karnataka",Full-time,"Bengaluru, Karnataka",Scala Developer,https://in.indeed.com/viewjob?jk=a6e71694cda07a66&vjs=3,scala developer
119,SQL;PostgreSQL;Database Management,,"sql, postgresql, database management","Electronic City, Bengaluru, Karnataka",Full-time,"Electronic City, Bengaluru, Karnataka",Full Stack Developer,https://in.indeed.com/viewjob?jk=646ceb5428d5ff4d&vjs=3,full stack developer
120,Network Configuration;Cisco;TCP/IP,,"network configuration, cisco, tcp/ip","Bengaluru, Karnataka",Permanent,"Bengaluru, Karnataka",Senior DevOps Engineer(12-16yrs)| Network & Security,https://in.indeed.com/viewjob?jk=9a9082e805b798b4&vjs=3,senior devops engineeryrs network  security
121,Python;Java;SQL,,"python, java, sql","Bengaluru, Karnataka",Full-time,"Bengaluru, Karnataka",Sr. DevOps Engineer,https://in.indeed.com/viewjob?jk=203f9bbdfb409c3d&vjs=3,sr devops engineer
122,Python;R;Machine Learning,,"python, r, machine learning","Bengaluru, Karnataka",Part-time,"Bengaluru, Karnataka",DevOps Engineer,https://in.indeed.com/viewjob?jk=613ba0ad656c94b3&vjs=3,devops engineer
123,JavaScript;HTML;CSS;React,,"javascript, html, css, react","Bengaluru, Karnataka",Part-time,"Bengaluru, Karnataka",Lead DevOps Engineer,https://in.indeed.com/viewjob?jk=56a78e6aa5ea4b71&vjs=3,lead devops engineer
124,Node.js;React;MongoDB,,"node.js, react, mongodb","Bengaluru, Karnataka",Permanent,"Bengaluru, Karnataka",DevOps Engineer(8-12yrs) | Network & Security,https://in.indeed.com/viewjob?jk=de3d9f69ed9c0472&vjs=3,devops engineeryrs  network  security
125,Figma;Sketch;Adobe XD,,"figma, sketch, adobe xd","Bengaluru, Karnataka",,"Bengaluru, Karnataka",Data Engineer (AWS DevOps),https://in.indeed.com/viewjob?jk=bad48be29b2d4e81&vjs=3,data engineer aws devops
126,AWS;Azure;Terraform,,"aws, azure, terraform","Bengaluru, Karnataka",Permanent,"Bengaluru, Karnataka",DEVOPS ENGINEER | 4 to 6 YEARS | GURUGRAM,https://in.indeed.com/viewjob?jk=c6bb9caabbec8a7b&vjs=3,devops engineer   to  years  gurugram
127,Python;TensorFlow;PyTorch,,"python, tensorflow, pytorch","Bengaluru, Karnataka",Permanent,"Bengaluru, Karnataka",Associate DevOps Engineer - SAP Artificial Intelligence,https://in.indeed.com/viewjob?jk=2db671327ad7d6b5&vjs=3,associate devops engineer  sap artificial intelligence
128,Java;Spring Boot;MySQL,,"java, spring boot, mysql","Bengaluru, Karnataka",Part-time,"Bengaluru, Karnataka",Lead I - DevOps Engineering,https://in.indeed.com/viewjob?jk=572f0a004c999cfb&vjs=3,lead i  devops engineering
129,React;Redux;TypeScript,,"react, redux, typescript","Bengaluru, Karnataka",Full-time,"Bengaluru, Karnataka",Sr Engineer - DevOps,https://in.indeed.com/viewjob?jk=95c68dadbe7f3748&vjs=3,sr engineer  devops
130,Docker;Kubernetes;CI/CD,,"docker, kubernetes, ci/cd","Bengaluru, Karnataka",Permanent,"Bengaluru, Karnataka",Senior Analyst - DevOps Engineer,https://in.indeed.com/viewjob?jk=8cc6cb0c2ee7322c&vjs=3,senior analyst  devops engineer
131,Network Security;Penetration Testing;Firewall,,"network security, penetration testing, firewall","Bengaluru, Karnataka",Full-time,"Bengaluru, Karnataka",Junior DevOps Engineer,https://in.indeed.com/viewjob?jk=4486e8d718afd4b3&vjs=3,junior devops engineer
132,Agile;Roadmap Planning;Team Management,,"agile, roadmap planning, team management","Bengaluru, Karnataka",Full-time,"Bengaluru, Karnataka",DevOps Engineer,https://in.indeed.com/viewjob?jk=7d9ca1164e70d3fe&vjs=3,devops engineer
133,Swift;Kotlin;Flutter,,"swift, kotlin, flutter","Bengaluru, Karnataka",Full-time,"Bengaluru, Karnataka",DevOps Engineer (Azure and Openshift),https://in.indeed.com/viewjob?jk=c5b7bd5476f115c8&vjs=3,devops engineer azure and openshift
134,SQL;PostgreSQL;Database Management,,"sql, postgresql, database management","Bengaluru, Karnataka",Part-time,"Bengaluru, Karnataka",Lead Azure DevOps Engineer,https://in.indeed.com/viewjob?jk=fd0023be38a26374&vjs=3,lead azure devops engineer
135,Network Configuration;Cisco;TCP/IP,,"network configuration, cisco, tcp/ip","Bengaluru, Karnataka",Full-time,"Bengaluru, Karnataka","Manager, Technology Risk Management",https://in.indeed.com/viewjob?jk=e4cd637b14efb79c&vjs=3,manager technology risk management
136,Python;Java;SQL,,"python, java, sql","Bengaluru, Karnataka",Full-time,"Bengaluru, Karnataka","Analyst, Technology Risk Management",https://in.indeed.com/viewjob?jk=d11b08cfe29f11e2&vjs=3,analyst technology risk management
137,Python;R;Machine Learning,,"python, r, machine learning","Bengaluru, Karnataka",Full-time,"Bengaluru, Karnataka",Security Engineer III - Java AWS,https://in.indeed.com/viewjob?jk=677b876d119b2679&vjs=3,security engineer iii  java aws
138,JavaScript;HTML;CSS;React,,"javascript, html, css, react","Bengaluru, Karnataka",Part-time,"Bengaluru, Karnataka",Lead Security Engineer - DevSecOps,https://in.indeed.com/viewjob?jk=137ee28820f80512&vjs=3,lead security engineer  devsecops
139,Node.js;React;MongoDB,,"node.js, react, mongodb","Bengaluru, Karnataka",Part-time,"Bengaluru, Karnataka",Cyber Security Experts,https://in.indeed.com/viewjob?jk=55038b3f3d89cf68&vjs=3,cyber security experts
140,Figma;Sketch;Adobe XD,,"figma, sketch, adobe xd","Bengaluru, Karnataka",Part-time,"Bengaluru, Karnataka",Staff Cloud Security Engineer,https://in.indeed.com/viewjob?jk=4d3f9fb9f654ec7f&vjs=3,staff cloud security engineer
141,AWS;Azure;Terraform,,"aws, azure, terraform","Bengaluru, Karnataka",Part-time,"Bengaluru, Karnataka",APPLICATION SECURITY MANAGER,https://in.indeed.com/viewjob?jk=a7306e3ace5f554f&vjs=3,application security manager
142,Python;TensorFlow;PyTorch,,"python, tensorflow, pytorch","Bengaluru, Karnataka",Part-time,"Bengaluru, Karnataka",Sr. Technical Support Specialist- Cyber Security,https://in.indeed.com/viewjob?jk=46ca4245dbe6bf35&vjs=3,sr technical support specialist cyber security
143,Java;Spring Boot;MySQL,,"java, spring boot, mysql","Bengaluru, Karnataka",Full-time,"Bengaluru, Karnataka","Security Engineer II, EDR",https://in.indeed.com/viewjob?jk=fb72219ab7ac1f66&vjs=3,security engineer ii edr
144,React;Redux;TypeScript,,"react, redux, typescript","Hebbal, Bengaluru, Karnataka",Full-time,"Hebbal, Bengaluru, Karnataka",Audit and Assurance - Digital Assurance - Associate 2,https://in.indeed.com/viewjob?jk=f3d76150dc350fb5&vjs=3,audit and assurance  digital assurance  associate 
145,Docker;Kubernetes;CI/CD,,"docker, kubernetes, ci/cd","Hebbal, Bengaluru, Karnataka",Full-time,"Hebbal, Bengaluru, Karnataka",Audit and Assurance - Digital Assurance - Manager,https://in.indeed.com/viewjob?jk=236696c7b81df8ab&vjs=3,audit and assurance  digital assurance  manager
146,Network Security;Penetration Testing;Firewall,,"network security, penetration testing, firewall","Bengaluru, Karnataka",Part-time,"Bengaluru, Karnataka",TC-CS-Cyber Architecture-OT And Engineering-Security Architecture-Manager,https://in.indeed.com/viewjob?jk=166f185f60e8c7f3&vjs=3,tccscyber architectureot and engineeringsecurity architecturemanager
147,Agile;Roadmap Planning;Team Management,,"agile, roadmap planning, team management","Bengaluru, Karnataka",Full-time,"Bengaluru, Karnataka",Cybersecurity-CD&E-CyberArk Support - Associate 2-Bangalore,https://in.indeed.com/viewjob?jk=c10acff062dc6312&vjs=3,cybersecuritycdecyberark support  associate bangalore
148,Swift;Kotlin;Flutter,,"swift, kotlin, flutter","Bengaluru, Karnataka",Full-time,"Bengaluru, Karnataka",Senior Lead Cybersecurity Architect - Threat modeling,https://in.indeed.com/viewjob?jk=9c7bc9e9d05dd28f&vjs=3,senior lead cybersecurity architect  threat modeling
149,SQL;PostgreSQL;Database Management,,"sql, postgresql, database management","Bengaluru, Karnataka",Full-time,"Bengaluru, Karnataka",Cyber Security Analyst,https://in.indeed.com/viewjob?jk=627dd90e0d4cd8d6&vjs=3,cyber security analyst
150,Network Configuration;Cisco;TCP/IP,,"network configuration, cisco, tcp/ip","Bengaluru, Karnataka",Part-time,"Bengaluru, Karnataka",Identity Access Management,https://in.indeed.com/jobs?q=product+development&l=Bengaluru%2C+Karnataka&from=searchOnDesktopSerp&vjk=074c663d0ced107e,identity access management
151,Python;Java;SQL,,"python, java, sql","Bengaluru, Karnataka",Full-time,"Bengaluru, Karnataka",R&D Team Leader,https://in.indeed.com/jobs?q=product+development&l=Bengaluru%2C+Karnataka&from=searchOnDesktopSerp&vjk=074c663d0ced107e,rd team leader
152,Python;R;Machine Learning,,"python, r, machine learning","Bengaluru, Karnataka",Part-time,"Bengaluru, Karnataka",Business Systems Analyst,https://in.indeed.com/jobs?q=product+development&l=Bengaluru%2C+Karnataka&from=searchOnDesktopSerp&vjk=074c663d0ced107e,business systems analyst
153,JavaScript;HTML;CSS;React,,"javascript, html, css, react","Bengaluru, Karnataka",Part-time,"Bengaluru, Karnataka",Data Analyst,https://in.indeed.com/jobs?q=product+development&l=Bengaluru%2C+Karnataka&from=searchOnDesktopSerp&vjk=074c663d0ced107e,data analyst
154,Node.js;React;MongoDB,,"node.js, react, mongodb","Bengaluru, Karnataka",Full-time,"Bengaluru, Karnataka",Pro*C Developer,https://in.indeed.com/jobs?q=product+development&l=Bengaluru%2C+Karnataka&from=searchOnDesktopSerp&vjk=074c663d0ced107e,proc developer
155,Figma;Sketch;Adobe XD,,"figma, sketch, adobe xd","Bengaluru, Karnataka",Part-time,"Bengaluru, Karnataka","Technical Program Manager - OWS, Web",https://in.indeed.com/jobs?q=product+development&l=Bengaluru%2C+Karnataka&from=searchOnDesktopSerp&vjk=074c663d0ced107e,technical program manager  ows web
156,AWS;Azure;Terraform,,"aws, azure, terraform","Bengaluru, Karnataka",Full-time,"Bengaluru, Karnataka",Business Analyst Sustainability Packaging,https://in.indeed.com/jobs?q=product+development&l=Bengaluru%2C+Karnataka&from=searchOnDesktopSerp&vjk=074c663d0ced107e,business analyst sustainability packaging
157,Python;TensorFlow;PyTorch,,"python, tensorflow, pytorch","Bengaluru, Karnataka",Part-time,"Bengaluru, Karnataka",Business Development Manager - Telecom,https://in.indeed.com/jobs?q=product+development&l=Bengaluru%2C+Karnataka&from=searchOnDesktopSerp&vjk=074c663d0ced107e,business development manager  telecom
158,Java;Spring Boot;MySQL,,"java, spring boot, mysql","Bengaluru, Karnataka",Full-time,"Bengaluru, Karnataka",Tech Prof-Software Development,https://in.indeed.com/jobs?q=product+development&l=Bengaluru%2C+Karnataka&from=searchOnDesktopSerp&vjk=074c663d0ced107e,tech profsoftware development
159,React;Redux;TypeScript,,"react, redux, typescript","Bengaluru, Karnataka",Part-time,"Bengaluru, Karnataka",Support and Data Quality Analyst,https://in.indeed.com/jobs?q=product+development&l=Bengaluru%2C+Karnataka&from=searchOnDesktopSerp&vjk=074c663d0ced107e,support and data quality analyst
160,Docker;Kubernetes;CI/CD,,"docker, kubernetes, ci/cd","Bengaluru, Karnataka",Full-time,"Bengaluru, Karnataka",Network Protection Product Owner - AOA,https://in.indeed.com/jobs?q=product+development&l=Bengaluru%2C+Karnataka&from=searchOnDesktopSerp&vjk=074c663d0ced107e,network protection product owner  aoa
161,Network Security;Penetration Testing;Firewall,,"network security, penetration testing, firewall","Bengaluru, Karnataka",Part-time,"Bengaluru, Karnataka",Technical Program Manager - Data OS Enterprise,https://in.indeed.com/jobs?q=product+development&l=Bengaluru%2C+Karnataka&from=searchOnDesktopSerp&vjk=074c663d0ced107e,technical program manager  data os enterprise
162,Agile;Roadmap Planning;Team Management,,"agile, roadmap planning, team management","Bengaluru, Karnataka",Part-time,"Bengaluru, Karnataka",Software Quality Assurance,https://in.indeed.com/jobs?q=product+development&l=Bengaluru%2C+Karnataka&from=searchOnDesktopSerp&vjk=074c663d0ced107e,software quality assurance
163,Swift;Kotlin;Flutter,,"swift, kotlin, flutter","Bengaluru, Karnataka",Part-time,"Bengaluru, Karnataka",Privileged Access Management Engineer,https://in.indeed.com/jobs?q=product+development&l=Bengaluru%2C+Karnataka&from=searchOnDesktopSerp&vjk=074c663d0ced107e,privileged access management engineer
164,SQL;PostgreSQL;Database Management,,"sql, postgresql, database management","Bengaluru, Karnataka",Full-time,"Bengaluru, Karnataka",Technical Analyst 3-Support,https://in.indeed.com/viewjob?jk=8fd435961bc3a083&vjs=3,technical analyst support
165,Network Configuration;Cisco;TCP/IP,,"network configuration, cisco, tcp/ip","Bengaluru, Karnataka",Permanent,"Bengaluru, Karnataka",Oracle DBA -Sybase,https://in.indeed.com/viewjob?jk=3f72a4c60f1d46eb&vjs=3,oracle dba sybase
166,Python;Java;SQL,,"python, java, sql","Bengaluru, Karnataka",Full-time,"Bengaluru, Karnataka",Manager Infrastructure Architecture (DB2 DBA),https://in.indeed.com/viewjob?jk=2a28c270d2ef4496&vjs=3,manager infrastructure architecture db dba
167,Python;R;Machine Learning,,"python, r, machine learning","Bengaluru, Karnataka",Part-time,"Bengaluru, Karnataka",Database Administration Specialist-Postgre SQL DBA,https://in.indeed.com/viewjob?jk=0ea2d787fff5bd6d&vjs=3,database administration specialistpostgre sql dba
168,JavaScript;HTML;CSS;React,,"javascript, html, css, react","Bengaluru, Karnataka",Part-time,"Bengaluru, Karnataka",TTT-Tax Provision Implementation Engineer-Senior,https://in.indeed.com/viewjob?jk=fed35cdb0c9826a7&vjs=3,ttttax provision implementation engineersenior
169,Node.js;React;MongoDB,,"node.js, react, mongodb","Bengaluru, Karnataka",Full-time,"Bengaluru, Karnataka",Linux System Administrator,https://in.indeed.com/viewjob?jk=15efefad0f94100e&vjs=3,linux system administrator
170,Figma;Sketch;Adobe XD,,"figma, sketch, adobe xd","Bengaluru, Karnataka",Full-time,"Bengaluru, Karnataka",Senior Security Systems Administrator,https://in.indeed.com/viewjob?jk=cac8c60277c3957b&vjs=3,senior security systems administrator
171,AWS;Azure;Terraform,,"aws, azure, terraform","Bengaluru, Karnataka",Part-time,"Bengaluru, Karnataka",Senior Developer,https://in.indeed.com/viewjob?jk=60741833733ac4a6&vjs=3,senior developer
172,Python;TensorFlow;PyTorch,,"python, tensorflow, pytorch","Bengaluru, Karnataka",Full-time,"Bengaluru, Karnataka",Senior Linux Administrator,https://in.indeed.com/viewjob?jk=6d94563977dff4ef&vjs=3,senior linux administrator
173,Java;Spring Boot;MySQL,,"java, spring boot, mysql","Bengaluru, Karnataka",Full-time,"Bengaluru, Karnataka",Business Execution Associate,https://in.indeed.com/viewjob?jk=5444617f49201790&vjs=3,business execution associate
174,React;Redux;TypeScript,,"react, redux, typescript","Bengaluru, Karnataka",Full-time,"Bengaluru, Karnataka",IDMC Developer,https://in.indeed.com/viewjob?jk=a3163a3115bc4cf9&vjs=3,idmc developer
175,Docker;Kubernetes;CI/CD,,"docker, kubernetes, ci/cd","Bengaluru, Karnataka",Part-time,"Bengaluru, Karnataka",OCI certified DBA Lead-HR-P1,https://in.indeed.com/viewjob?jk=ddd575f98c81ef7c&vjs=3,oci certified dba leadhrp
176,Network Security;Penetration Testing;Firewall,,"network security, penetration testing, firewall","Bengaluru, Karnataka",Full-time,"Bengaluru, Karnataka",Oracle Cloud Database Performance Engineer,https://in.indeed.com/viewjob?jk=89a0fd8fe80197d5&vjs=3,oracle cloud database performance engineer
177,Agile;Roadmap Planning;Team Management,,"agile, roadmap planning, team management","Bengaluru, Karnataka",Full-time,"Bengaluru, Karnataka",Supply Chain Management Tool admin & Data Analyst,https://in.indeed.com/viewjob?jk=11f7a1d8a62db739&vjs=3,supply chain management tool admin  data analyst
178,Swift;Kotlin;Flutter,,"swift, kotlin, flutter","Bengaluru, Karnataka",Full-time,"Bengaluru, Karnataka",Key Accounts Manager,https://in.indeed.com/viewjob?jk=37edcb47cb8ee904&vjs=3,key accounts manager
179,SQL;PostgreSQL;Database Management,,"sql, postgresql, database management","Bengaluru, Karnataka",Part-time,"Bengaluru, Karnataka",NRW Engineer,https://in.indeed.com/jobs?q=Network+engineer&l=Bengaluru%2C+Karnataka&from=searchOnDesktopSerp&vjk=3c930bf05b6e1322,nrw engineer
180,Network Configuration;Cisco;TCP/IP,,"network configuration, cisco, tcp/ip","Bengaluru, Karnataka",Full-time,"Bengaluru, Karnataka",AI / ML Engineer,https://in.indeed.com/jobs?q=Network+engineer&l=Bengaluru%2C+Karnataka&from=searchOnDesktopSerp&vjk=3c930bf05b6e1322,ai  ml engineer
181,Python;Java;SQL,,"python, java, sql","Bengaluru, Karnataka",Full-time,"Bengaluru, Karnataka",System Administrator 1-IT,https://in.indeed.com/jobs?q=Network+engineer&l=Bengaluru%2C+Karnataka&from=searchOnDesktopSerp&vjk=3c930bf05b6e1322,system administrator it
182,Python;R;Machine Learning,,"python, r, machine learning","Bengaluru, Karnataka",Part-time,"Bengaluru, Karnataka",O&M - Instrumentation Engineer,https://in.indeed.com/jobs?q=Network+engineer&l=Bengaluru%2C+Karnataka&from=searchOnDesktopSerp&vjk=3c930bf05b6e1322,om  instrumentation engineer
183,JavaScript;HTML;CSS;React,,"javascript, html, css, react","Bengaluru, Karnataka",Full-time,"Bengaluru, Karnataka",ASIC Engineer,https://in.indeed.com/jobs?q=Network+engineer&l=Bengaluru%2C+Karnataka&from=searchOnDesktopSerp&vjk=3c930bf05b6e1322,asic engineer
184,Node.js;React;MongoDB,,"node.js, react, mongodb","Bengaluru, Karnataka",Full-time,"Bengaluru, Karnataka",QA Engineer  IMS,https://in.indeed.com/jobs?q=Network+engineer&l=Bengaluru%2C+Karnataka&from=searchOnDesktopSerp&vjk=3c930bf05b6e1322,qa engineer  ims
185,Figma;Sketch;Adobe XD,,"figma, sketch, adobe xd","Bengaluru, Karnataka",Part-time,"Bengaluru, Karnataka",Staff Software Engineer,https://in.indeed.com/jobs?q=Network+engineer&l=Bengaluru%2C+Karnataka&from=searchOnDesktopSerp&vjk=3c930bf05b6e1322,staff software engineer
186,AWS;Azure;Terraform,,"aws, azure, terraform","Bengaluru, Karnataka",Part-time,"Bengaluru, Karnataka",SOC Clock Lead - MTS Silicon Design Engineer,https://in.indeed.com/jobs?q=Network+engineer&l=Bengaluru%2C+Karnataka&from=searchOnDesktopSerp&vjk=3c930bf05b6e1322,soc clock lead  mts silicon design engineer
187,Python;TensorFlow;PyTorch,,"python, tensorflow, pytorch","Bengaluru, Karnataka",Full-time,"Bengaluru, Karnataka","Software Engineer - Wireless, Ring",https://in.indeed.com/jobs?q=Network+engineer&l=Bengaluru%2C+Karnataka&from=searchOnDesktopSerp&vjk=3c930bf05b6e1322,software engineer  wireless ring
188,Java;Spring Boot;MySQL,,"java, spring boot, mysql","Bengaluru, Karnataka",Full-time,"Bengaluru, Karnataka",Senior Oracle SCM Analyst,https://in.indeed.com/jobs?q=Network+engineer&l=Bengaluru%2C+Karnataka&from=searchOnDesktopSerp&vjk=3c930bf05b6e1322,senior oracle scm analyst
189,React;Redux;TypeScript,,"react, redux, typescript","Bengaluru, Karnataka",Full-time,"Bengaluru, Karnataka",Principal Analyst - Oracle SCM,https://in.indeed.com/jobs?q=Network+engineer&l=Bengaluru%2C+Karnataka&from=searchOnDesktopSerp&vjk=3c930bf05b6e1322,principal analyst  oracle scm
190,Docker;Kubernetes;CI/CD,,"docker, kubernetes, ci/cd","Bengaluru, Karnataka",Full-time,"Bengaluru, Karnataka",Global Subchapter Lead  External Experience,https://in.indeed.com/jobs?q=Network+engineer&l=Bengaluru%2C+Karnataka&from=searchOnDesktopSerp&vjk=3c930bf05b6e1322,global subchapter lead  external experience
191,Network Security;Penetration Testing;Firewall,,"network security, penetration testing, firewall","Bengaluru, Karnataka",Full-time,"Bengaluru, Karnataka","SoC Power and Performance Lead, TPU, Google Cloud",https://in.indeed.com/jobs?q=Network+engineer&l=Bengaluru%2C+Karnataka&from=searchOnDesktopSerp&vjk=3c930bf05b6e1322,soc power and performance lead tpu google cloud
192,Agile;Roadmap Planning;Team Management,,"agile, roadmap planning, team management","Bengaluru, Karnataka",Full-time,"Bengaluru, Karnataka","Manager, Engineering",https://in.indeed.com/jobs?q=Network+engineer&l=Bengaluru%2C+Karnataka&from=searchOnDesktopSerp&vjk=3c930bf05b6e1322,manager engineering
